epoch,time,train/box_loss,train/seg_loss,train/cls_loss,train/dfl_loss,train/sem_loss,metrics/precision(B),metrics/recall(B),metrics/mAP50(B),metrics/mAP50-95(B),metrics/precision(M),metrics/recall(M),metrics/mAP50(M),metrics/mAP50-95(M),val/box_loss,val/seg_loss,val/cls_loss,val/dfl_loss,val/sem_loss,lr/pg0,lr/pg1,lr/pg2
1,261.016,1.08449,2.01523,2.47338,1.37722,0,0.45347,0.37566,0.38073,0.25541,0.46742,0.37723,0.38802,0.23807,1.08403,2.00504,2.46293,1.37976,0,0.000118824,0.000118824,0.000118824
2,524.241,0.99631,1.75824,1.64596,1.3061,0,0.49541,0.3931,0.38607,0.26221,0.49951,0.39074,0.38487,0.23718,1.1247,2.19119,2.29339,1.433,0,0.000233115,0.000233115,0.000233115
3,792.484,1.00307,1.75229,1.50116,1.31086,0,0.5542,0.47368,0.50175,0.35398,0.5776,0.45568,0.49311,0.30709,1.0899,2.1737,1.90901,1.38695,0,0.000342693,0.000342693,0.000342693
4,1062.13,0.95418,1.66357,1.28435,1.25811,0,0.63874,0.48903,0.55915,0.3837,0.64709,0.48154,0.55275,0.34419,1.14754,2.22032,1.64275,1.4836,0,0.000335794,0.000335794,0.000335794
5,1332.06,0.94027,1.63125,1.17451,1.25665,0,0.60207,0.48549,0.51066,0.35481,0.60684,0.48877,0.51377,0.33386,1.10054,2.04239,1.77368,1.41229,0,0.000328726,0.000328726,0.000328726
6,1601.33,0.90475,1.5451,1.15278,1.22424,0,0.66225,0.51634,0.55122,0.39162,0.66818,0.51511,0.54838,0.34696,1.10179,2.09759,1.63723,1.39107,0,0.000321657,0.000321657,0.000321657
7,1870.54,0.90141,1.54527,1.08215,1.22441,0,0.57303,0.47237,0.5374,0.38256,0.58209,0.4717,0.53907,0.35411,1.13419,2.07355,1.60955,1.41746,0,0.000314588,0.000314588,0.000314588
8,2138.02,0.8684,1.49611,1.02222,1.20935,0,0.58731,0.53909,0.56753,0.41319,0.59376,0.54065,0.56742,0.37473,1.08172,1.96868,1.60809,1.39243,0,0.00030752,0.00030752,0.00030752
9,2406.44,0.86004,1.48613,0.9641,1.18773,0,0.65375,0.53399,0.56377,0.40769,0.66744,0.52411,0.56653,0.37147,1.0728,2.07131,1.49342,1.37221,0,0.000300451,0.000300451,0.000300451
10,2674.02,0.84543,1.452,0.93455,1.1922,0,0.6106,0.51051,0.56508,0.41168,0.61346,0.51212,0.56433,0.3776,1.07157,2.12244,1.52317,1.38774,0,0.000293383,0.000293383,0.000293383
11,2942.53,0.83078,1.41006,0.89096,1.16998,0,0.75495,0.56449,0.61326,0.44531,0.75709,0.56526,0.60948,0.41199,1.07615,1.99638,1.25469,1.35695,0,0.000286314,0.000286314,0.000286314
12,3211.29,0.81665,1.39246,0.85637,1.16186,0,0.53778,0.54307,0.55052,0.40161,0.54352,0.54984,0.56725,0.37497,1.04201,1.95513,1.55836,1.34613,0,0.000279245,0.000279245,0.000279245
13,3479.07,0.78964,1.34427,0.82712,1.14116,0,0.66915,0.54349,0.56447,0.41261,0.67855,0.54982,0.57006,0.38246,1.0675,2.03608,1.53279,1.37568,0,0.000272177,0.000272177,0.000272177
14,3746.51,0.78869,1.33034,0.79784,1.14253,0,0.62307,0.526,0.59816,0.44872,0.62139,0.51542,0.58869,0.38641,0.97388,2.01681,1.30812,1.28006,0,0.000265108,0.000265108,0.000265108
15,4014.54,0.77791,1.33873,0.78862,1.1328,0,0.60682,0.56661,0.58411,0.44009,0.62916,0.57346,0.60032,0.40312,1,1.94522,1.29815,1.31872,0,0.00025804,0.00025804,0.00025804
16,4282.35,0.76884,1.29992,0.7759,1.12904,0,0.60867,0.54695,0.58486,0.43908,0.61219,0.54309,0.58522,0.39555,0.97009,1.88397,1.35986,1.28555,0,0.000250971,0.000250971,0.000250971
17,4550.39,0.77227,1.29083,0.77221,1.12725,0,0.57676,0.62812,0.63328,0.47687,0.57659,0.62322,0.63139,0.4286,0.96931,1.89129,1.06344,1.27874,0,0.000243902,0.000243902,0.000243902
18,4818.96,0.75366,1.26103,0.72978,1.10903,0,0.57475,0.53572,0.60003,0.44832,0.59543,0.52531,0.60456,0.4083,0.99334,1.91363,1.27887,1.31108,0,0.000236834,0.000236834,0.000236834
19,5086.5,0.75409,1.26781,0.73263,1.12046,0,0.7078,0.58379,0.61813,0.46722,0.7105,0.59493,0.62512,0.42158,0.96777,1.91445,1.23891,1.28828,0,0.000229765,0.000229765,0.000229765
20,5355.1,0.75432,1.27734,0.70742,1.10672,0,0.637,0.55598,0.60524,0.46391,0.64162,0.55729,0.61072,0.4182,0.95271,1.90361,1.23804,1.26195,0,0.000222697,0.000222697,0.000222697
21,5623.6,0.71811,1.21666,0.6815,1.08308,0,0.69505,0.60216,0.61507,0.47086,0.70224,0.60372,0.6149,0.42724,0.93945,1.90561,1.1074,1.26235,0,0.000215628,0.000215628,0.000215628
22,5892.18,0.72609,1.21913,0.66547,1.0892,0,0.69934,0.56734,0.61944,0.47771,0.7705,0.55982,0.62411,0.42504,0.97758,1.88989,1.04407,1.28471,0,0.000208559,0.000208559,0.000208559
23,6161.01,0.70959,1.17582,0.64426,1.07808,0,0.6625,0.61299,0.63168,0.49262,0.66639,0.60994,0.63181,0.43287,0.96723,1.95083,1.08058,1.29667,0,0.000201491,0.000201491,0.000201491
24,6429.97,0.72684,1.21484,0.66196,1.09411,0,0.74445,0.56648,0.62786,0.48746,0.76002,0.56739,0.63004,0.43906,0.95124,1.86704,1.25104,1.28232,0,0.000194422,0.000194422,0.000194422
25,6699.1,0.70694,1.18558,0.63374,1.07485,0,0.68144,0.57595,0.60013,0.46192,0.7851,0.5419,0.59776,0.41566,0.95999,1.89638,1.3276,1.29764,0,0.000187354,0.000187354,0.000187354
26,6967,0.70588,1.18471,0.6275,1.06779,0,0.62116,0.54315,0.56708,0.42744,0.66802,0.52384,0.57578,0.39224,1.01142,1.85498,1.31497,1.35668,0,0.000180285,0.000180285,0.000180285
27,7234.63,0.68634,1.16338,0.61997,1.06802,0,0.62959,0.61506,0.63565,0.48631,0.6349,0.60667,0.63376,0.4373,0.93494,1.83866,1.04062,1.26714,0,0.000173216,0.000173216,0.000173216
28,7502.2,0.69081,1.14529,0.61649,1.06764,0,0.70134,0.56319,0.62153,0.48428,0.72974,0.56366,0.62533,0.42958,0.91555,1.79564,1.14953,1.23055,0,0.000166148,0.000166148,0.000166148
29,7769.98,0.68253,1.1446,0.60593,1.05972,0,0.69128,0.56227,0.58772,0.45358,0.6981,0.5661,0.59155,0.41816,0.9559,1.76333,1.23609,1.27017,0,0.000159079,0.000159079,0.000159079
30,8037.97,0.67782,1.1267,0.58729,1.05816,0,0.716,0.59554,0.63873,0.49221,0.71227,0.59228,0.63433,0.44478,0.93274,1.79519,1.18956,1.26307,0,0.000152011,0.000152011,0.000152011
31,8307.08,0.66789,1.11655,0.58139,1.04966,0,0.60459,0.56597,0.60082,0.46143,0.61768,0.57026,0.60981,0.4215,0.96444,1.82788,1.34577,1.3124,0,0.000144942,0.000144942,0.000144942
32,8575.36,0.66072,1.08006,0.54916,1.04103,0,0.73818,0.60096,0.65286,0.50971,0.7395,0.59781,0.65289,0.45199,0.92371,1.81511,1.1014,1.25621,0,0.000137873,0.000137873,0.000137873
33,8844.83,0.66739,1.11006,0.55047,1.04643,0,0.67348,0.63542,0.65533,0.5137,0.67624,0.63414,0.65568,0.46521,0.90453,1.81182,1.13003,1.2369,0,0.000130805,0.000130805,0.000130805
34,9113.9,0.65605,1.11014,0.55535,1.04417,0,0.71783,0.5841,0.64214,0.50985,0.72445,0.58691,0.64135,0.44611,0.88798,1.88282,1.05408,1.23214,0,0.000123736,0.000123736,0.000123736
35,9382.33,0.64348,1.07018,0.54276,1.03479,0,0.6212,0.59383,0.63339,0.50203,0.64345,0.59762,0.6453,0.45504,0.90962,1.78501,1.12441,1.23959,0,0.000116668,0.000116668,0.000116668
36,9650.63,0.65452,1.08552,0.54651,1.04128,0,0.73385,0.60176,0.63927,0.5002,0.73864,0.6142,0.64392,0.44217,0.92273,1.85679,1.08531,1.24426,0,0.000109599,0.000109599,0.000109599
37,9918.97,0.6432,1.06836,0.5229,1.02847,0,0.7283,0.60657,0.64186,0.50165,0.76746,0.59052,0.64781,0.45502,0.91667,1.82986,1.11046,1.2533,0,0.00010253,0.00010253,0.00010253
38,10187.3,0.62976,1.04622,0.50878,1.02453,0,0.63382,0.62095,0.65408,0.51004,0.63777,0.61885,0.65282,0.44757,0.93218,1.92077,1.09701,1.25436,0,9.54618e-05,9.54618e-05,9.54618e-05
39,10456,0.63577,1.06172,0.5144,1.02352,0,0.7053,0.60877,0.64853,0.51278,0.71614,0.60885,0.64959,0.45076,0.89491,1.84192,1.06963,1.22689,0,8.83932e-05,8.83932e-05,8.83932e-05
40,10724.1,0.62342,1.03801,0.49599,1.01871,0,0.76215,0.62882,0.67411,0.53104,0.76165,0.63068,0.66868,0.47773,0.90395,1.82279,0.9816,1.233,0,8.13246e-05,8.13246e-05,8.13246e-05
41,11003.6,0.57901,0.90912,0.35455,0.99011,0,0.67201,0.59928,0.65719,0.51072,0.67636,0.59544,0.65369,0.45799,0.93986,1.88626,1.11295,1.26043,0,7.4256e-05,7.4256e-05,7.4256e-05
42,11262.3,0.5724,0.90138,0.34702,0.98451,0,0.71647,0.60171,0.64405,0.50475,0.71521,0.59984,0.63973,0.44629,0.93241,1.90313,1.07224,1.27438,0,6.71874e-05,6.71874e-05,6.71874e-05
43,11521.2,0.56436,0.89304,0.3369,0.97471,0,0.70344,0.60454,0.6289,0.49535,0.70007,0.6002,0.62505,0.4433,0.92978,1.89344,1.10501,1.27592,0,6.01188e-05,6.01188e-05,6.01188e-05
44,11780.3,0.56392,0.88728,0.33731,0.97776,0,0.69459,0.61069,0.64588,0.50449,0.694,0.60969,0.64387,0.44947,0.93183,1.91025,1.14405,1.25927,0,5.30502e-05,5.30502e-05,5.30502e-05
45,12039.3,0.54969,0.85778,0.31748,0.96617,0,0.71467,0.60646,0.63917,0.50249,0.70974,0.60028,0.63454,0.44517,0.9464,1.9147,1.19049,1.28165,0,4.59816e-05,4.59816e-05,4.59816e-05
46,12298.5,0.54462,0.85988,0.31466,0.96231,0,0.78034,0.55905,0.62392,0.49298,0.77583,0.55356,0.61775,0.43616,0.93892,1.90979,1.18722,1.28083,0,3.8913e-05,3.8913e-05,3.8913e-05
47,12557.7,0.53974,0.85657,0.31203,0.96296,0,0.59243,0.63698,0.64925,0.5114,0.58773,0.63066,0.643,0.45249,0.91008,1.84274,1.05839,1.24392,0,3.18444e-05,3.18444e-05,3.18444e-05
48,12816.7,0.5326,0.84314,0.30783,0.95813,0,0.67253,0.60877,0.62548,0.49646,0.66745,0.60227,0.62012,0.4353,0.90151,1.85804,1.13701,1.2411,0,2.47758e-05,2.47758e-05,2.47758e-05
49,13076,0.52825,0.83282,0.29512,0.95207,0,0.58942,0.62212,0.62909,0.49969,0.58467,0.611,0.62103,0.43916,0.91399,1.87612,1.11353,1.25036,0,1.77072e-05,1.77072e-05,1.77072e-05
50,13335,0.52877,0.83509,0.29085,0.952,0,0.59448,0.60798,0.62843,0.49909,0.58977,0.5972,0.62312,0.43924,0.91706,1.88798,1.13887,1.26026,0,1.06386e-05,1.06386e-05,1.06386e-05
